<ImportExportXml xmlns:xsi="http://www.w3.org/2001/XMLSchema-instance">
  <Entities>
    <Entity>
      <Name LocalizedName="Connection" OriginalName="">Connection</Name>
      <SavedQueries>
        <savedqueries>
          <savedquery>
            <IsCustomizable>1</IsCustomizable>
            <CanBeDeleted>1</CanBeDeleted>
            <isquickfindquery>0</isquickfindquery>
            <isprivate>0</isprivate>
            <isdefault>0</isdefault>
            <savedqueryid>{e116b413-a9a7-e811-a96a-000d3ac009b4}</savedqueryid>
            <layoutxml>
              <grid name="resultset" icon="1" preview="1" select="1" jump="name">
                <row id="connectionid" name="result">
                  <cell name="name" width="150" />
                </row>
              </grid>
            </layoutxml>
            <querytype>0</querytype>
            <fetchxml>
              <fetch mapping="logical" output-format="xml-platform" version="1.0" distinct="false">
                <entity name="connection">
                  <attribute name="name" />
                  <order descending="false" attribute="name" />
                  <filter type="and">
                    <condition value="8" attribute="record2objecttypecode" operator="eq" />
                  </filter>
                  <link-entity name="systemuser" alias="aa" to="record2id" from="systemuserid" />
                  <link-entity name="connectionrole" alias="ab" to="record2roleid" from="connectionroleid">
                    <filter type="and">
                      <condition value="741530000" attribute="category" operator="eq" />
                    </filter>
                  </link-entity>
                  <attribute name="connectionid" />
                </entity>
              </fetch>
            </fetchxml>
            <IntroducedVersion>1.0.0.0</IntroducedVersion>
            <LocalizedNames>
              <LocalizedName description="All Proposal Manager Team Members" languagecode="1033" />
            </LocalizedNames>
          </savedquery>
          <savedquery>
            <IsCustomizable>1</IsCustomizable>
            <CanBeDeleted>1</CanBeDeleted>
            <isquickfindquery>0</isquickfindquery>
            <isprivate>0</isprivate>
            <isdefault>0</isdefault>
            <savedqueryid>{75c01a55-a3ab-e811-a96b-000d3ac0131b}</savedqueryid>
            <layoutxml>
              <grid name="connections" preview="0" icon="1" select="1" jump="record2id">
                <row id="connectionid" name="connection">
                  <cell name="record2id" LabelId="query.FE4BC089-8901-466C-A41B-1C1090F204D4.cell.name.label" width="220" />
                  <cell name="record2roleid" LabelId="query.FE4BC089-8901-466C-A41B-1C1090F204D4.cell.role.label" width="136" />
                  <cell name="systemuser.internalemailaddress" ishidden="1" />
                </row>
              </grid>
            </layoutxml>
            <querytype>0</querytype>
            <fetchxml>
              <fetch distinct="false" mapping="logical" output-format="xml-platform" version="1.0">
                <entity name="connection">
                  <attribute name="record2id" />
                  <attribute name="record2roleid" />
                  <order descending="false" attribute="record2id" />
                  <filter type="and">
                    <condition value="8" attribute="record2objecttypecode" operator="eq" />
                  </filter>
                  <link-entity name="systemuser" alias="systemuser" to="record2id" from="systemuserid">
                    <attribute name="internalemailaddress" />
                  </link-entity>
                  <link-entity name="connectionrole" alias="ac" to="record2roleid" from="connectionroleid">
                    <filter type="and">
                      <filter type="or">
                        <condition value="1001" attribute="category" operator="eq" />
                        <condition value="741530000" attribute="category" operator="eq" />
                      </filter>
                    </filter>
                  </link-entity>
                  <attribute name="connectionid" />
                </entity>
              </fetch>
            </fetchxml>
            <IntroducedVersion>1.0.0.0</IntroducedVersion>
            <LocalizedNames>
              <LocalizedName description="All Sales Team and Proposal Manager Members" languagecode="1033" />
            </LocalizedNames>
            <Descriptions>
              <Description description="Selects all of the sales team category and proposal manager category connections." languagecode="1033" />
            </Descriptions>
          </savedquery>
        </savedqueries>
      </SavedQueries>
      <RibbonDiffXml>
        <CustomActions />
        <Templates>
          <RibbonTemplates Id="Mscrm.Templates"></RibbonTemplates>
        </Templates>
        <CommandDefinitions />
        <RuleDefinitions>
          <TabDisplayRules />
          <DisplayRules />
          <EnableRules />
        </RuleDefinitions>
        <LocLabels />
      </RibbonDiffXml>
    </Entity>
    <Entity>
      <Name LocalizedName="Opportunity" OriginalName="Opportunity">Opportunity</Name>
      <FormXml>
        <forms type="main">
          <systemform>
            <formid>{a837e4a7-01b8-4f82-a475-be9abd67e667}</formid>
            <IntroducedVersion>5.0.0.0</IntroducedVersion>
            <FormPresentation>1</FormPresentation>
            <FormActivationState>1</FormActivationState>
            <form shownavigationbar="true" showImage="false" maxWidth="1900">
              <tabs>
                <tab name="Summary" verticallayout="true" id="{b6a005fd-5964-4427-b39b-6750e1a5fa6f}" IsUserDefined="0" expanded="true" locklevel="0" showlabel="true" ordinalvalue="0">
                  <columns>
                    <column width="33%" id="0">
                      <sections>
                        <section name="opportunity_information" showlabel="false" showbar="false" id="{5d1cf874-b807-4158-b230-1a13c1db73ad}" columns="1" IsUserDefined="0" ordinalvalue="0">
                          <rows>
                            <row>
                              <cell colspan="1" id="{439e0732-3f3a-409d-98ba-83d3251cb64b}" showlabel="true" locklevel="0" ordinalvalue="10000">
                                <control id="name" classid="{4273EDBD-AC1D-40d3-9FB2-095C621B552D}" datafieldname="name" uniqueid="{d7801420-4c56-6681-9c03-c8260c6954a4}" disabled="false" />
                              </cell>
                            </row>
                            <row>
                              <cell id="{181e7f45-3819-40c3-bdf3-1c892d53f35d}" ordinalvalue="10001">
                                <control id="parentcontactid" classid="{270BD3DB-D9AF-4782-9025-509E298DEC0A}" datafieldname="parentcontactid" />
                              </cell>
                            </row>
                            <row>
                              <cell id="{b060498e-5853-4382-8ea2-26ba7883f4da}" ordinalvalue="10002">
                                <control id="parentaccountid" classid="{270BD3DB-D9AF-4782-9025-509E298DEC0A}" datafieldname="parentaccountid" />
                              </cell>
                            </row>
                            <row>
                              <cell id="{7f5a51a0-115c-4f72-a2f3-7d963e7fa664}" ordinalvalue="10003">
                                <control id="purchasetimeframe" classid="{3EF39988-22BB-4f0b-BBBE-64B5A3748AEE}" datafieldname="purchasetimeframe" />
                              </cell>
                            </row>
                            <row>
                              <cell id="{4c69d917-e84e-4c9d-ba14-f7bb5bc0a51f}" ordinalvalue="10004">
                                <control id="transactioncurrencyid" classid="{270BD3DB-D9AF-4782-9025-509E298DEC0A}" datafieldname="transactioncurrencyid" />
                              </cell>
                            </row>
                            <row>
                              <cell id="{b0e21400-f671-46d7-a9c3-1a6c61e4ef1c}" ordinalvalue="10005">
                                <control id="budgetamount" classid="{533B9E00-756B-4312-95A0-DC888637AC78}" datafieldname="budgetamount" />
                              </cell>
                            </row>
                            <row>
                              <cell id="{f9bdae13-ecd5-4eb7-b71f-f14b9619f7c5}" ordinalvalue="10006">
                                <control id="purchaseprocess" classid="{3EF39988-22BB-4f0b-BBBE-64B5A3748AEE}" datafieldname="purchaseprocess" />
                              </cell>
                            </row>
                            <row>
                              <cell id="{2cee855d-be6b-786d-e781-8ccbd1858cb5}" showlabel="true" locklevel="0" ordinalvalue="10007">
                                <control id="description" classid="{E0DECE4B-6FC8-4a8f-A065-082708572369}" datafieldname="description" disabled="false" />
                              </cell>
                            </row>
                            <row>
                              <cell id="{b6580e08-1820-8e8a-6361-8c8876527613}" showlabel="true" locklevel="0" visible="false" ordinalvalue="10008">
                                <control id="msdyn_ordertype" classid="{3EF39988-22BB-4f0b-BBBE-64B5A3748AEE}" datafieldname="msdyn_ordertype" disabled="false" uniqueid="{52284abc-a0e8-30d2-0a57-ec9a0a43031e}" />
                              </cell>
                            </row>
                          </rows>
                        </section>
                        <section name="Opportunity_details" showlabel="false" showbar="false" id="{f961b0a9-2637-4fd3-a4d7-8e55b5246727}" layout="varwidth" columns="1" celllabelposition="Top" IsUserDefined="0" ordinalvalue="1">
                          <rows>
                            <row>
                              <cell id="{74794dae-95cf-413e-9472-699e76e1e1a0}" rowspan="3" ordinalvalue="10001">
                                <control id="currentsituation" classid="{E0DECE4B-6FC8-4a8f-A065-082708572369}" datafieldname="currentsituation" />
                              </cell>
                            </row>
                            <row>
                              <cell id="{ee5d4aa4-e0b5-4822-ba14-49c1c8430a86}" rowspan="3" ordinalvalue="10002">
                                <control id="customerneed" classid="{E0DECE4B-6FC8-4a8f-A065-082708572369}" datafieldname="customerneed" />
                              </cell>
                            </row>
                            <row>
                              <cell id="{6862197e-b146-47ce-afc2-3f02b06ca0c4}" rowspan="3" ordinalvalue="10003">
                                <control id="proposedsolution" classid="{E0DECE4B-6FC8-4a8f-A065-082708572369}" datafieldname="proposedsolution" />
                              </cell>
                            </row>
                          </rows>
                        </section>
                      </sections>
                    </column>
                    <column width="42%" id="1">
                      <sections>
                        <section name="Notes_pane" showlabel="false" showbar="false" id="{cbe1fe44-90c3-40f3-9307-2e72bdefe443}" layout="varwidth" columns="11" celllabelposition="Top" locklevel="0" labelwidth="115" IsUserDefined="0" ordinalvalue="0">
                          <rows>
                            <row>
                              <cell colspan="2" showlabel="false" rowspan="20" auto="false" id="{17a95e0e-476c-43cf-b6e9-c112fa6c25ec}" locklevel="0" ordinalvalue="10000">
                                <control id="notescontrol" classid="{06375649-C143-495E-A496-C962E5B4488E}" disabled="false" />
                              </cell>
                            </row>
                          </rows>
                        </section>
                      </sections>
                    </column>
                    <column width="25%" id="2">
                      <sections>
                        <section name="Summary_section_6" showlabel="false" showbar="false" locklevel="0" id="{ea3bb0a6-b9dc-1b0e-5e7d-74a380ee79a3}" IsUserDefined="0" layout="varwidth" columns="1" labelwidth="115" ordinalvalue="0">
                          <rows>
                            <row>
                              <cell id="{9D5B59C2-3DF3-4437-AC5D-3A6E36866000}" showlabel="false" rowspan="6" auto="false" colspan="1" visible="false" ordinalvalue="10000">
                                <control id="ActionCards" classid="{F9A8A302-114E-466A-B582-6771B2AE0D92}" uniqueid="{3ff9a528-dd50-4aca-8f10-2e5ed73513ad}" disabled="false" />
                              </cell>
                            </row>
                          </rows>
                        </section>
                        <section name="Social_pane" showlabel="false" showbar="false" locklevel="0" id="{c03918d8-d714-7b95-3083-443db3e303c8}" IsUserDefined="0" layout="varwidth" columns="1" labelwidth="115" ordinalvalue="1">
                          <rows>
                            <row>
                              <cell id="{798de0be-acfe-4480-b3f7-69312505588a}" colspan="1" auto="false" rowspan="6" showlabel="true" ordinalvalue="10000" />
                            </row>
                            <row>
                              <cell id="{92822c63-42c0-4b31-8cb5-8ce123553796}" showlabel="true" colspan="1" rowspan="9" auto="false" ordinalvalue="10002" solutionaction="Modified">
                                <control id="Pursuit_Team" classid="{E7A81278-8635-4d9e-8D4D-59480B391C5B}" uniqueid="{daa199e6-13e8-ac75-022a-1a5098ee5152}" indicationOfSubgrid="true" solutionaction="Modified">
                                  <parameters>
                                    <ViewId solutionaction="Modified">{75C01A55-A3AB-E811-A96B-000D3AC0131B}</ViewId>
                                    <ViewIds solutionaction="Modified">{7C0E0725-CCD9-4525-9313-665FD075652F},{75C01A55-A3AB-E811-A96B-000D3AC0131B}</ViewIds>
                                    <HeaderColorCode solutionaction="Added">#F3F3F3</HeaderColorCode>
                                  </parameters>
                                </control>
                              </cell>
                            </row>
                            <row>
                              <cell id="{05a38f4d-1649-4741-84b6-d6de2db78048}" colspan="1" auto="false" rowspan="6" showlabel="true" ordinalvalue="10004" />
                            </row>
                            <row>
                              <cell id="{3bb06632-1625-360c-865e-bb77cc31d893}" showlabel="false" userspacer="true" ordinalvalue="10005" solutionaction="Added">
                                <labels>
                                  <label description="" languagecode="1033" />
                                </labels>
                              </cell>
                            </row>
                            <row>
                              <cell id="{eae8e322-d414-56ed-32dd-0d1983ebde01}" showlabel="true" colspan="1" rowspan="7" auto="false" ordinalvalue="10006" solutionaction="Added">
                                <labels>
                                  <label description="Proposal Manager Team" languagecode="1033" />
                                </labels>
                                <control id="Proposal_Manager_Team" classid="{E7A81278-8635-4d9e-8D4D-59480B391C5B}" indicationOfSubgrid="true">
                                  <parameters>
                                    <ViewId>{E116B413-A9A7-E811-A96A-000D3AC009B4}</ViewId>
                                    <IsUserView>false</IsUserView>
                                    <RelationshipName>opportunity_connections1</RelationshipName>
                                    <TargetEntityType>connection</TargetEntityType>
                                    <AutoExpand>Fixed</AutoExpand>
                                    <EnableQuickFind>false</EnableQuickFind>
                                    <EnableViewPicker>false</EnableViewPicker>
                                    <ViewIds>{7C0E0725-CCD9-4525-9313-665FD075652F},{E116B413-A9A7-E811-A96A-000D3AC009B4}</ViewIds>
                                    <EnableJumpBar>false</EnableJumpBar>
                                    <ChartGridMode>All</ChartGridMode>
                                    <VisualizationId />
                                    <IsUserChart>false</IsUserChart>
                                    <EnableChartPicker>true</EnableChartPicker>
                                    <RecordsPerPage>4</RecordsPerPage>
                                    <HeaderColorCode>#F3F3F3</HeaderColorCode>
                                  </parameters>
                                </control>
                              </cell>
                            </row>
                          </rows>
                        </section>
                      </sections>
                    </column>
                  </columns>
                </tab>
                <tab name="Product_Line_Items" verticallayout="true" id="{79548060-31f7-4646-8c08-0296ecd4113b}" visible="true" expanded="true" IsUserDefined="0" ordinalvalue="1">
                  <columns>
                    <column width="80%" id="0">
                      <sections>
                        <section name="opportunityproducts" showlabel="false" showbar="false" id="{2b1ed7f7-3ebb-42f3-809f-94eba9f94fb2}" height="auto" IsUserDefined="0" layout="varheight" columns="11" ordinalvalue="0">
                          <rows>
                            <row>
                              <cell id="{ba131dc7-aa7c-4d8b-9c94-421ed8a7ddaf}" ordinalvalue="10000">
                                <control id="pricelevelid" classid="{270BD3DB-D9AF-4782-9025-509E298DEC0A}" datafieldname="pricelevelid" />
                              </cell>
                            </row>
                            <row>
                              <cell id="{0B8DF861-AE32-4C79-9C4E-2ECAA9F74712}" ordinalvalue="10002">
                                <control id="isrevenuesystemcalculated" classid="{67FAC785-CD58-4f9f-ABB3-4B7DDC6ED5ED}" datafieldname="isrevenuesystemcalculated" />
                              </cell>
                            </row>
                            <row>
                              <cell colspan="2" rowspan="4" showlabel="false" auto="true" id="{22177595-7784-43da-9af2-50e9115b956e}" ordinalvalue="10004" />
                            </row>
                          </rows>
                        </section>
                        <section name="DynamicProperties" showlabel="false" showbar="false" locklevel="1" id="{05f0b856-e494-4522-b6cc-355391ac5c87}" IsUserDefined="0" columns="1" ordinalvalue="1" />
                        <section name="suggestionsection" showlabel="false" showbar="false" locklevel="1" id="{ea88f7fa-aa19-4995-9b04-f1c724b52e39}" IsUserDefined="0" columns="1" ordinalvalue="2" />
                        <section name="totals" showlabel="false" showbar="false" locklevel="0" id="{736e5dc8-6758-42ee-8e28-812ec6f75abd}" IsUserDefined="0" layout="varwidth" columns="1" labelwidth="115" celllabelalignment="Left" celllabelposition="Left" ordinalvalue="3">
                          <rows>
                            <row>
                              <cell id="{91C4D5D8-FDBC-4F1A-8A91-753A1AE4E376}" ordinalvalue="10000">
                                <control id="totallineitemamount" classid="{533B9E00-756B-4312-95A0-DC888637AC78}" datafieldname="totallineitemamount" disabled="true" />
                              </cell>
                            </row>
                            <row>
                              <cell id="{EFE4D5AB-D23D-4C88-A906-4646F3B28B45}" ordinalvalue="10001">
                                <control id="discountpercentage" classid="{C3EFE0C3-0EC6-42be-8349-CBD9079DFD8E}" datafieldname="discountpercentage" />
                              </cell>
                            </row>
                            <row>
                              <cell id="{6BD9F746-A850-4D84-8716-748AA91EC1BC}" ordinalvalue="10002">
                                <control id="discountamount" classid="{533B9E00-756B-4312-95A0-DC888637AC78}" datafieldname="discountamount" />
                              </cell>
                            </row>
                            <row>
                              <cell id="{75F85D03-7267-4C05-B5DE-B00C49595864}" ordinalvalue="10003">
                                <control id="totalamountlessfreight" classid="{533B9E00-756B-4312-95A0-DC888637AC78}" datafieldname="totalamountlessfreight" disabled="true" />
                              </cell>
                            </row>
                            <row>
                              <cell id="{E91D45ED-89A7-48A2-8B9E-B16EF4DE2815}" ordinalvalue="10004">
                                <control id="freightamount" classid="{533B9E00-756B-4312-95A0-DC888637AC78}" datafieldname="freightamount" />
                              </cell>
                            </row>
                            <row>
                              <cell id="{E59C312B-32A1-4441-9E54-4F4292E8E60C}" ordinalvalue="10005">
                                <control id="totaltax" classid="{533B9E00-756B-4312-95A0-DC888637AC78}" datafieldname="totaltax" disabled="true" />
                              </cell>
                            </row>
                            <row>
                              <cell id="{D96BA356-1581-46E0-937C-49033D55E3A2}" ordinalvalue="10006">
                                <control id="totalamount" classid="{533B9E00-756B-4312-95A0-DC888637AC78}" datafieldname="totalamount" disabled="true" />
                              </cell>
                            </row>
                          </rows>
                        </section>
                      </sections>
                    </column>
                  </columns>
                </tab>
                <tab name="QUOTES" verticallayout="true" id="{af8380da-5492-4a69-8a36-b1beff121e95}" IsUserDefined="0" locklevel="0" showlabel="true" expanded="true" ordinalvalue="2">
                  <columns>
                    <column width="100%" id="0">
                      <sections>
                        <section name="opportunityquotes" showlabel="false" showbar="false" id="{40e2e47e-716a-4fe8-9fc0-e0341303c7a3}" height="auto" IsUserDefined="0" layout="varheight" columns="11" ordinalvalue="0">
                          <rows>
                            <row>
                              <cell colspan="2" rowspan="4" showlabel="false" auto="true" id="{dcb63b8d-f689-44b1-a009-292bff328340}" ordinalvalue="10000" />
                            </row>
                          </rows>
                        </section>
                      </sections>
                    </column>
                  </columns>
                </tab>
                <tab name="FieldService" id="{9b4c804b-e760-8e4b-ac62-e05b1313beeb}" IsUserDefined="0" locklevel="0" showlabel="true" expanded="true" ordinalvalue="3">
                  <columns>
                    <column width="50%" id="0">
                      <sections>
                        <section name="tab_4_section_1" showlabel="false" showbar="false" locklevel="0" id="{874a6537-44cb-2e44-6037-db3dcad8c123}" IsUserDefined="0" layout="varwidth" columns="1" labelwidth="115" ordinalvalue="0">
                          <rows>
                            <row>
                              <cell id="{3171dc7c-474e-d43d-c352-50673e11bc04}" showlabel="true" locklevel="0" ordinalvalue="10000">
                                <control id="msdyn_workordertype" classid="{270BD3DB-D9AF-4782-9025-509E298DEC0A}" datafieldname="msdyn_workordertype" disabled="false" />
                              </cell>
                            </row>
                          </rows>
                        </section>
                      </sections>
                    </column>
                    <column width="50%" id="1">
                      <sections>
                        <section name="tab_4_section_2" showlabel="false" showbar="false" locklevel="0" id="{d6c34771-dc4c-0741-64a2-219901375436}" IsUserDefined="0" layout="varwidth" columns="1" labelwidth="115" ordinalvalue="0">
                          <rows>
                            <row>
                              <cell id="{ed119d90-d618-48c2-8973-2a9c5af1308d}" showlabel="false" ordinalvalue="10000" solutionaction="Added">
                                <labels>
                                  <label description="" languagecode="1033" />
                                </labels>
                              </cell>
                            </row>
                          </rows>
                        </section>
                      </sections>
                    </column>
                  </columns>
                </tab>
              </tabs>
              <header id="{ee909091-5a89-403e-bf82-f34512080f08}" celllabelposition="Top" columns="1111" labelwidth="115">
                <rows>
                  <row>
                    <cell id="{e8813fe3-3ad9-4afd-94c2-52e8d1627a59}" ordinalvalue="10000">
                      <control id="header_estimatedclosedate" classid="{5B773807-9FB2-42db-97C3-7A91EFF8ADFF}" datafieldname="estimatedclosedate" />
                    </cell>
                    <cell id="{4343680f-7e56-4968-90fe-814e52f6e2a7}" ordinalvalue="20001">
                      <control id="header_estimatedvalue" classid="{533B9E00-756B-4312-95A0-DC888637AC78}" datafieldname="estimatedvalue" />
                    </cell>
                    <cell id="{cb71ebc2-bee9-740e-2b29-09278aaad258}" showlabel="true" locklevel="0" ordinalvalue="30002">
                      <control id="header_statuscode" classid="{5D68B988-0661-4db2-BC3E-17598AD3BE6C}" datafieldname="statuscode" disabled="false" />
                    </cell>
                    <cell id="{d9002ebe-3d57-445d-8fb7-459cfb40f437}" ordinalvalue="40003">
                      <control id="header_ownerid" classid="{270BD3DB-D9AF-4782-9025-509E298DEC0A}" datafieldname="ownerid" disabled="false" />
                    </cell>
                  </row>
                </rows>
              </header>
              <events>
                <event name="onload" application="true" active="true">
                  <Handlers>
                    <Handler functionName="msdyn.coreCrmOpportunity.initializePage" libraryName="msdyn_/Opportunity/Scripts/OpportunityCoreCrmInitialization.js" handlerUniqueId="{658232a2-e15d-4387-90be-77c44ed665e6}" enabled="true" parameters="" passExecutionContext="false" />
                    <Handler functionName="FS.Opportunity.Library.Load" libraryName="msdyn_/Opportunity/Opportunity.Library.js" handlerUniqueId="{c90e8328-3052-0bc3-0459-ed84dde9023e}" enabled="true" parameters="" passExecutionContext="false" />
                  </Handlers>
                </event>
                <event name="onchange" attribute="isrevenuesystemcalculated" application="true" active="true" />
                <event name="onrecordselect" application="false" active="false" relationship="" control="opportunityproductsGrid">
                  <Handlers>
                    <Handler functionName="Mscrm.onRecordSelect" libraryName="Sales/Opportunity/Opportunity_main_system_library.js" handlerUniqueId="{77823148-e9b0-4027-5315-ba3dabe77bba}" enabled="true" parameters="" passExecutionContext="true" />
                  </Handlers>
                </event>
              </events>
              <Navigation>
                <NavBar>
                  <NavBarByRelationshipItem RelationshipName="Opportunity_ActivityPointers" Id="navActivities" Icon="/_imgs/ico_18_act.gif" Sequence="20" Area="Info">
                    <Titles>
                      <Title LCID="1033" Text="Activities" />
                      <Title LCID="1025" Text="Activities" />
                      <Title LCID="1026" Text="Activities" />
                      <Title LCID="1027" Text="Activities" />
                      <Title LCID="1029" Text="Activities" />
                      <Title LCID="1030" Text="Activities" />
                      <Title LCID="1031" Text="Activities" />
                      <Title LCID="1032" Text="Activities" />
                      <Title LCID="3082" Text="Activities" />
                      <Title LCID="1061" Text="Activities" />
                      <Title LCID="1069" Text="Activities" />
                      <Title LCID="1035" Text="Activities" />
                      <Title LCID="1036" Text="Activities" />
                      <Title LCID="1110" Text="Activities" />
                      <Title LCID="1037" Text="Activities" />
                      <Title LCID="1081" Text="Activities" />
                      <Title LCID="1050" Text="Activities" />
                      <Title LCID="1038" Text="Activities" />
                      <Title LCID="1057" Text="Activities" />
                      <Title LCID="1040" Text="Activities" />
                      <Title LCID="1041" Text="Activities" />
                      <Title LCID="1087" Text="Activities" />
                      <Title LCID="1042" Text="Activities" />
                      <Title LCID="1063" Text="Activities" />
                      <Title LCID="1062" Text="Activities" />
                      <Title LCID="1086" Text="Activities" />
                      <Title LCID="1044" Text="Activities" />
                      <Title LCID="1043" Text="Activities" />
                      <Title LCID="1045" Text="Activities" />
                      <Title LCID="1046" Text="Activities" />
                      <Title LCID="2070" Text="Activities" />
                      <Title LCID="1048" Text="Activities" />
                      <Title LCID="1049" Text="Activities" />
                      <Title LCID="1051" Text="Activities" />
                      <Title LCID="1060" Text="Activities" />
                      <Title LCID="10266" Text="Activities" />
                      <Title LCID="9242" Text="Activities" />
                      <Title LCID="1053" Text="Activities" />
                      <Title LCID="1054" Text="Activities" />
                      <Title LCID="1055" Text="Activities" />
                      <Title LCID="1058" Text="Activities" />
                      <Title LCID="1066" Text="Activities" />
                      <Title LCID="2052" Text="Activities" />
                      <Title LCID="3076" Text="Activities" />
                      <Title LCID="1028" Text="Activities" />
                    </Titles>
                  </NavBarByRelationshipItem>
                  <NavBarByRelationshipItem RelationshipName="opportunity_sales_orders" Sequence="20" Area="Sales" Id="navOrders" Show="false">
                    <Titles>
                      <Title LCID="1033" Text="Orders" />
                      <Title LCID="1025" Text="Orders" />
                      <Title LCID="1026" Text="Orders" />
                      <Title LCID="1027" Text="Orders" />
                      <Title LCID="1029" Text="Orders" />
                      <Title LCID="1030" Text="Orders" />
                      <Title LCID="1031" Text="Orders" />
                      <Title LCID="1032" Text="Orders" />
                      <Title LCID="3082" Text="Orders" />
                      <Title LCID="1061" Text="Orders" />
                      <Title LCID="1069" Text="Orders" />
                      <Title LCID="1035" Text="Orders" />
                      <Title LCID="1036" Text="Orders" />
                      <Title LCID="1110" Text="Orders" />
                      <Title LCID="1037" Text="Orders" />
                      <Title LCID="1081" Text="Orders" />
                      <Title LCID="1050" Text="Orders" />
                      <Title LCID="1038" Text="Orders" />
                      <Title LCID="1057" Text="Orders" />
                      <Title LCID="1040" Text="Orders" />
                      <Title LCID="1041" Text="Orders" />
                      <Title LCID="1087" Text="Orders" />
                      <Title LCID="1042" Text="Orders" />
                      <Title LCID="1063" Text="Orders" />
                      <Title LCID="1062" Text="Orders" />
                      <Title LCID="1086" Text="Orders" />
                      <Title LCID="1044" Text="Orders" />
                      <Title LCID="1043" Text="Orders" />
                      <Title LCID="1045" Text="Orders" />
                      <Title LCID="1046" Text="Orders" />
                      <Title LCID="2070" Text="Orders" />
                      <Title LCID="1048" Text="Orders" />
                      <Title LCID="1049" Text="Orders" />
                      <Title LCID="1051" Text="Orders" />
                      <Title LCID="1060" Text="Orders" />
                      <Title LCID="10266" Text="Orders" />
                      <Title LCID="9242" Text="Orders" />
                      <Title LCID="1053" Text="Orders" />
                      <Title LCID="1054" Text="Orders" />
                      <Title LCID="1055" Text="Orders" />
                      <Title LCID="1058" Text="Orders" />
                      <Title LCID="1066" Text="Orders" />
                      <Title LCID="2052" Text="Orders" />
                      <Title LCID="3076" Text="Orders" />
                      <Title LCID="1028" Text="Orders" />
                    </Titles>
                  </NavBarByRelationshipItem>
                  <NavBarByRelationshipItem RelationshipName="opportunity_customer_opportunity_roles" Id="navRelationship" TitleResourceId="Tab_Label_Relationship" Area="Info" Show="false" Sequence="22">
                    <Titles>
                      <Title LCID="1033" Text="Relationships" />
                      <Title LCID="1025" Text="Relationships" />
                      <Title LCID="1026" Text="Relationships" />
                      <Title LCID="1027" Text="Relationships" />
                      <Title LCID="1029" Text="Relationships" />
                      <Title LCID="1030" Text="Relationships" />
                      <Title LCID="1031" Text="Relationships" />
                      <Title LCID="1032" Text="Relationships" />
                      <Title LCID="3082" Text="Relationships" />
                      <Title LCID="1061" Text="Relationships" />
                      <Title LCID="1069" Text="Relationships" />
                      <Title LCID="1035" Text="Relationships" />
                      <Title LCID="1036" Text="Relationships" />
                      <Title LCID="1110" Text="Relationships" />
                      <Title LCID="1037" Text="Relationships" />
                      <Title LCID="1081" Text="Relationships" />
                      <Title LCID="1050" Text="Relationships" />
                      <Title LCID="1038" Text="Relationships" />
                      <Title LCID="1057" Text="Relationships" />
                      <Title LCID="1040" Text="Relationships" />
                      <Title LCID="1041" Text="Relationships" />
                      <Title LCID="1087" Text="Relationships" />
                      <Title LCID="1042" Text="Relationships" />
                      <Title LCID="1063" Text="Relationships" />
                      <Title LCID="1062" Text="Relationships" />
                      <Title LCID="1086" Text="Relationships" />
                      <Title LCID="1044" Text="Relationships" />
                      <Title LCID="1043" Text="Relationships" />
                      <Title LCID="1045" Text="Relationships" />
                      <Title LCID="1046" Text="Relationships" />
                      <Title LCID="2070" Text="Relationships" />
                      <Title LCID="1048" Text="Relationships" />
                      <Title LCID="1049" Text="Relationships" />
                      <Title LCID="1051" Text="Relationships" />
                      <Title LCID="1060" Text="Relationships" />
                      <Title LCID="10266" Text="Relationships" />
                      <Title LCID="9242" Text="Relationships" />
                      <Title LCID="1053" Text="Relationships" />
                      <Title LCID="1054" Text="Relationships" />
                      <Title LCID="1055" Text="Relationships" />
                      <Title LCID="1058" Text="Relationships" />
                      <Title LCID="1066" Text="Relationships" />
                      <Title LCID="2052" Text="Relationships" />
                      <Title LCID="3076" Text="Relationships" />
                      <Title LCID="1028" Text="Relationships" />
                    </Titles>
                  </NavBarByRelationshipItem>
                  <NavBarByRelationshipItem RelationshipName="opportunity_invoices" Sequence="30" Area="Sales" Id="navInvoices" Show="false">
                    <Titles>
                      <Title LCID="1033" Text="Invoices" />
                      <Title LCID="1025" Text="Invoices" />
                      <Title LCID="1026" Text="Invoices" />
                      <Title LCID="1027" Text="Invoices" />
                      <Title LCID="1029" Text="Invoices" />
                      <Title LCID="1030" Text="Invoices" />
                      <Title LCID="1031" Text="Invoices" />
                      <Title LCID="1032" Text="Invoices" />
                      <Title LCID="3082" Text="Invoices" />
                      <Title LCID="1061" Text="Invoices" />
                      <Title LCID="1069" Text="Invoices" />
                      <Title LCID="1035" Text="Invoices" />
                      <Title LCID="1036" Text="Invoices" />
                      <Title LCID="1110" Text="Invoices" />
                      <Title LCID="1037" Text="Invoices" />
                      <Title LCID="1081" Text="Invoices" />
                      <Title LCID="1050" Text="Invoices" />
                      <Title LCID="1038" Text="Invoices" />
                      <Title LCID="1057" Text="Invoices" />
                      <Title LCID="1040" Text="Invoices" />
                      <Title LCID="1041" Text="Invoices" />
                      <Title LCID="1087" Text="Invoices" />
                      <Title LCID="1042" Text="Invoices" />
                      <Title LCID="1063" Text="Invoices" />
                      <Title LCID="1062" Text="Invoices" />
                      <Title LCID="1086" Text="Invoices" />
                      <Title LCID="1044" Text="Invoices" />
                      <Title LCID="1043" Text="Invoices" />
                      <Title LCID="1045" Text="Invoices" />
                      <Title LCID="1046" Text="Invoices" />
                      <Title LCID="2070" Text="Invoices" />
                      <Title LCID="1048" Text="Invoices" />
                      <Title LCID="1049" Text="Invoices" />
                      <Title LCID="1051" Text="Invoices" />
                      <Title LCID="1060" Text="Invoices" />
                      <Title LCID="10266" Text="Invoices" />
                      <Title LCID="9242" Text="Invoices" />
                      <Title LCID="1053" Text="Invoices" />
                      <Title LCID="1054" Text="Invoices" />
                      <Title LCID="1055" Text="Invoices" />
                      <Title LCID="1058" Text="Invoices" />
                      <Title LCID="1066" Text="Invoices" />
                      <Title LCID="2052" Text="Invoices" />
                      <Title LCID="3076" Text="Invoices" />
                      <Title LCID="1028" Text="Invoices" />
                    </Titles>
                  </NavBarByRelationshipItem>
                  <NavBarByRelationshipItem RelationshipName="opportunitycompetitors_association" Sequence="40" Area="Sales" Id="navComp" Show="false">
                    <Titles>
                      <Title LCID="1033" Text="Competitors" />
                      <Title LCID="1025" Text="Competitors" />
                      <Title LCID="1026" Text="Competitors" />
                      <Title LCID="1027" Text="Competitors" />
                      <Title LCID="1029" Text="Competitors" />
                      <Title LCID="1030" Text="Competitors" />
                      <Title LCID="1031" Text="Competitors" />
                      <Title LCID="1032" Text="Competitors" />
                      <Title LCID="3082" Text="Competitors" />
                      <Title LCID="1061" Text="Competitors" />
                      <Title LCID="1069" Text="Competitors" />
                      <Title LCID="1035" Text="Competitors" />
                      <Title LCID="1036" Text="Competitors" />
                      <Title LCID="1110" Text="Competitors" />
                      <Title LCID="1037" Text="Competitors" />
                      <Title LCID="1081" Text="Competitors" />
                      <Title LCID="1050" Text="Competitors" />
                      <Title LCID="1038" Text="Competitors" />
                      <Title LCID="1057" Text="Competitors" />
                      <Title LCID="1040" Text="Competitors" />
                      <Title LCID="1041" Text="Competitors" />
                      <Title LCID="1087" Text="Competitors" />
                      <Title LCID="1042" Text="Competitors" />
                      <Title LCID="1063" Text="Competitors" />
                      <Title LCID="1062" Text="Competitors" />
                      <Title LCID="1086" Text="Competitors" />
                      <Title LCID="1044" Text="Competitors" />
                      <Title LCID="1043" Text="Competitors" />
                      <Title LCID="1045" Text="Competitors" />
                      <Title LCID="1046" Text="Competitors" />
                      <Title LCID="2070" Text="Competitors" />
                      <Title LCID="1048" Text="Competitors" />
                      <Title LCID="1049" Text="Competitors" />
                      <Title LCID="1051" Text="Competitors" />
                      <Title LCID="1060" Text="Competitors" />
                      <Title LCID="10266" Text="Competitors" />
                      <Title LCID="9242" Text="Competitors" />
                      <Title LCID="1053" Text="Competitors" />
                      <Title LCID="1054" Text="Competitors" />
                      <Title LCID="1055" Text="Competitors" />
                      <Title LCID="1058" Text="Competitors" />
                      <Title LCID="1066" Text="Competitors" />
                      <Title LCID="2052" Text="Competitors" />
                      <Title LCID="3076" Text="Competitors" />
                      <Title LCID="1028" Text="Competitors" />
                    </Titles>
                  </NavBarByRelationshipItem>
                  <NavBarByRelationshipItem RelationshipName="hardcoded_{B7196B13-6B9D-42CD-BD58-B19A3953126F}navDocument" Sequence="9000" Area="Info" Id="navDocument" solutionaction="Removed" />
                  <NavBarByRelationshipItem RelationshipName="hardcoded_{B7196B13-6B9D-42CD-BD58-B19A3953126F}navAsyncOperations" Sequence="9500" Area="ProcessCenter" Id="navAsyncOperations" Show="false">
                    <Titles>
                      <Title LCID="1033" Text="Workflows" />
                      <Title LCID="1025" Text="Workflows" />
                      <Title LCID="1026" Text="Workflows" />
                      <Title LCID="1027" Text="Workflows" />
                      <Title LCID="1029" Text="Workflows" />
                      <Title LCID="1030" Text="Workflows" />
                      <Title LCID="1031" Text="Workflows" />
                      <Title LCID="1032" Text="Workflows" />
                      <Title LCID="3082" Text="Workflows" />
                      <Title LCID="1061" Text="Workflows" />
                      <Title LCID="1069" Text="Workflows" />
                      <Title LCID="1035" Text="Workflows" />
                      <Title LCID="1036" Text="Workflows" />
                      <Title LCID="1110" Text="Workflows" />
                      <Title LCID="1037" Text="Workflows" />
                      <Title LCID="1081" Text="Workflows" />
                      <Title LCID="1050" Text="Workflows" />
                      <Title LCID="1038" Text="Workflows" />
                      <Title LCID="1057" Text="Workflows" />
                      <Title LCID="1040" Text="Workflows" />
                      <Title LCID="1041" Text="Workflows" />
                      <Title LCID="1087" Text="Workflows" />
                      <Title LCID="1042" Text="Workflows" />
                      <Title LCID="1063" Text="Workflows" />
                      <Title LCID="1062" Text="Workflows" />
                      <Title LCID="1086" Text="Workflows" />
                      <Title LCID="1044" Text="Workflows" />
                      <Title LCID="1043" Text="Workflows" />
                      <Title LCID="1045" Text="Workflows" />
                      <Title LCID="1046" Text="Workflows" />
                      <Title LCID="2070" Text="Workflows" />
                      <Title LCID="1048" Text="Workflows" />
                      <Title LCID="1049" Text="Workflows" />
                      <Title LCID="1051" Text="Workflows" />
                      <Title LCID="1060" Text="Workflows" />
                      <Title LCID="10266" Text="Workflows" />
                      <Title LCID="9242" Text="Workflows" />
                      <Title LCID="1053" Text="Workflows" />
                      <Title LCID="1054" Text="Workflows" />
                      <Title LCID="1055" Text="Workflows" />
                      <Title LCID="1058" Text="Workflows" />
                      <Title LCID="1066" Text="Workflows" />
                      <Title LCID="2052" Text="Workflows" />
                      <Title LCID="3076" Text="Workflows" />
                      <Title LCID="1028" Text="Workflows" />
                    </Titles>
                  </NavBarByRelationshipItem>
                  <NavBarByRelationshipItem RelationshipName="hardcoded_{B7196B13-6B9D-42CD-BD58-B19A3953126F}navConnections" Id="navConnections" Sequence="9600" Area="Info">
                    <Titles>
                      <Title LCID="1033" Text="Connections" />
                      <Title LCID="1025" Text="Connections" />
                      <Title LCID="1026" Text="Connections" />
                      <Title LCID="1027" Text="Connections" />
                      <Title LCID="1029" Text="Connections" />
                      <Title LCID="1030" Text="Connections" />
                      <Title LCID="1031" Text="Connections" />
                      <Title LCID="1032" Text="Connections" />
                      <Title LCID="3082" Text="Connections" />
                      <Title LCID="1061" Text="Connections" />
                      <Title LCID="1069" Text="Connections" />
                      <Title LCID="1035" Text="Connections" />
                      <Title LCID="1036" Text="Connections" />
                      <Title LCID="1110" Text="Connections" />
                      <Title LCID="1037" Text="Connections" />
                      <Title LCID="1081" Text="Connections" />
                      <Title LCID="1050" Text="Connections" />
                      <Title LCID="1038" Text="Connections" />
                      <Title LCID="1057" Text="Connections" />
                      <Title LCID="1040" Text="Connections" />
                      <Title LCID="1041" Text="Connections" />
                      <Title LCID="1087" Text="Connections" />
                      <Title LCID="1042" Text="Connections" />
                      <Title LCID="1063" Text="Connections" />
                      <Title LCID="1062" Text="Connections" />
                      <Title LCID="1086" Text="Connections" />
                      <Title LCID="1044" Text="Connections" />
                      <Title LCID="1043" Text="Connections" />
                      <Title LCID="1045" Text="Connections" />
                      <Title LCID="1046" Text="Connections" />
                      <Title LCID="2070" Text="Connections" />
                      <Title LCID="1048" Text="Connections" />
                      <Title LCID="1049" Text="Connections" />
                      <Title LCID="1051" Text="Connections" />
                      <Title LCID="1060" Text="Connections" />
                      <Title LCID="10266" Text="Connections" />
                      <Title LCID="9242" Text="Connections" />
                      <Title LCID="1053" Text="Connections" />
                      <Title LCID="1054" Text="Connections" />
                      <Title LCID="1055" Text="Connections" />
                      <Title LCID="1058" Text="Connections" />
                      <Title LCID="1066" Text="Connections" />
                      <Title LCID="2052" Text="Connections" />
                      <Title LCID="3076" Text="Connections" />
                      <Title LCID="1028" Text="Connections" />
                    </Titles>
                  </NavBarByRelationshipItem>
                  <NavBarByRelationshipItem RelationshipName="hardcoded_{B7196B13-6B9D-42CD-BD58-B19A3953126F}navAudit" Area="Info" Id="navAudit" Sequence="9601">
                    <Titles>
                      <Title LCID="1033" Text="Audit History" />
                      <Title LCID="1025" Text="Audit History" />
                      <Title LCID="1026" Text="Audit History" />
                      <Title LCID="1027" Text="Audit History" />
                      <Title LCID="1029" Text="Audit History" />
                      <Title LCID="1030" Text="Audit History" />
                      <Title LCID="1031" Text="Audit History" />
                      <Title LCID="1032" Text="Audit History" />
                      <Title LCID="3082" Text="Audit History" />
                      <Title LCID="1061" Text="Audit History" />
                      <Title LCID="1069" Text="Audit History" />
                      <Title LCID="1035" Text="Audit History" />
                      <Title LCID="1036" Text="Audit History" />
                      <Title LCID="1110" Text="Audit History" />
                      <Title LCID="1037" Text="Audit History" />
                      <Title LCID="1081" Text="Audit History" />
                      <Title LCID="1050" Text="Audit History" />
                      <Title LCID="1038" Text="Audit History" />
                      <Title LCID="1057" Text="Audit History" />
                      <Title LCID="1040" Text="Audit History" />
                      <Title LCID="1041" Text="Audit History" />
                      <Title LCID="1087" Text="Audit History" />
                      <Title LCID="1042" Text="Audit History" />
                      <Title LCID="1063" Text="Audit History" />
                      <Title LCID="1062" Text="Audit History" />
                      <Title LCID="1086" Text="Audit History" />
                      <Title LCID="1044" Text="Audit History" />
                      <Title LCID="1043" Text="Audit History" />
                      <Title LCID="1045" Text="Audit History" />
                      <Title LCID="1046" Text="Audit History" />
                      <Title LCID="2070" Text="Audit History" />
                      <Title LCID="1048" Text="Audit History" />
                      <Title LCID="1049" Text="Audit History" />
                      <Title LCID="1051" Text="Audit History" />
                      <Title LCID="1060" Text="Audit History" />
                      <Title LCID="10266" Text="Audit History" />
                      <Title LCID="9242" Text="Audit History" />
                      <Title LCID="1053" Text="Audit History" />
                      <Title LCID="1054" Text="Audit History" />
                      <Title LCID="1055" Text="Audit History" />
                      <Title LCID="1058" Text="Audit History" />
                      <Title LCID="1066" Text="Audit History" />
                      <Title LCID="2052" Text="Audit History" />
                      <Title LCID="3076" Text="Audit History" />
                      <Title LCID="1028" Text="Audit History" />
                    </Titles>
                  </NavBarByRelationshipItem>
                  <NavBarByRelationshipItem RelationshipName="hardcoded_{B7196B13-6B9D-42CD-BD58-B19A3953126F}navProcessSessions" Sequence="9700" Area="ProcessCenter" Id="navProcessSessions" Show="false">
                    <Titles>
                      <Title LCID="1033" Text="Dialog Sessions" />
                      <Title LCID="1025" Text="Dialog Sessions" />
                      <Title LCID="1026" Text="Dialog Sessions" />
                      <Title LCID="1027" Text="Dialog Sessions" />
                      <Title LCID="1029" Text="Dialog Sessions" />
                      <Title LCID="1030" Text="Dialog Sessions" />
                      <Title LCID="1031" Text="Dialog Sessions" />
                      <Title LCID="1032" Text="Dialog Sessions" />
                      <Title LCID="3082" Text="Dialog Sessions" />
                      <Title LCID="1061" Text="Dialog Sessions" />
                      <Title LCID="1069" Text="Dialog Sessions" />
                      <Title LCID="1035" Text="Dialog Sessions" />
                      <Title LCID="1036" Text="Dialog Sessions" />
                      <Title LCID="1110" Text="Dialog Sessions" />
                      <Title LCID="1037" Text="Dialog Sessions" />
                      <Title LCID="1081" Text="Dialog Sessions" />
                      <Title LCID="1050" Text="Dialog Sessions" />
                      <Title LCID="1038" Text="Dialog Sessions" />
                      <Title LCID="1057" Text="Dialog Sessions" />
                      <Title LCID="1040" Text="Dialog Sessions" />
                      <Title LCID="1041" Text="Dialog Sessions" />
                      <Title LCID="1087" Text="Dialog Sessions" />
                      <Title LCID="1042" Text="Dialog Sessions" />
                      <Title LCID="1063" Text="Dialog Sessions" />
                      <Title LCID="1062" Text="Dialog Sessions" />
                      <Title LCID="1086" Text="Dialog Sessions" />
                      <Title LCID="1044" Text="Dialog Sessions" />
                      <Title LCID="1043" Text="Dialog Sessions" />
                      <Title LCID="1045" Text="Dialog Sessions" />
                      <Title LCID="1046" Text="Dialog Sessions" />
                      <Title LCID="2070" Text="Dialog Sessions" />
                      <Title LCID="1048" Text="Dialog Sessions" />
                      <Title LCID="1049" Text="Dialog Sessions" />
                      <Title LCID="1051" Text="Dialog Sessions" />
                      <Title LCID="1060" Text="Dialog Sessions" />
                      <Title LCID="10266" Text="Dialog Sessions" />
                      <Title LCID="9242" Text="Dialog Sessions" />
                      <Title LCID="1053" Text="Dialog Sessions" />
                      <Title LCID="1054" Text="Dialog Sessions" />
                      <Title LCID="1055" Text="Dialog Sessions" />
                      <Title LCID="1058" Text="Dialog Sessions" />
                      <Title LCID="1066" Text="Dialog Sessions" />
                      <Title LCID="2052" Text="Dialog Sessions" />
                      <Title LCID="3076" Text="Dialog Sessions" />
                      <Title LCID="1028" Text="Dialog Sessions" />
                    </Titles>
                  </NavBarByRelationshipItem>
                  <NavBarByRelationshipItem Icon="$webresource:msdyn_/Icons/Sitemap/WorkOrder_32.png" RelationshipName="msdyn_opportunity_msdyn_workorder" Sequence="1000" Client="Web" Area="Service" Id="nav_msdyn_opportunity_msdyn_workorder">
                    <Titles>
                      <Title LCID="1033" Text="Work Orders" />
                      <Title LCID="1025" Text="أوامر العمل" />
                      <Title LCID="1026" Text="Работни поръчки" />
                      <Title LCID="1027" Text="Ordres de treball" />
                      <Title LCID="1029" Text="Pracovní příkazy" />
                      <Title LCID="1030" Text="Arbejdsordrer" />
                      <Title LCID="1031" Text="Arbeitsaufträge" />
                      <Title LCID="1032" Text="Παραγγελίες εργασίας" />
                      <Title LCID="3082" Text="Órdenes de trabajo" />
                      <Title LCID="1061" Text="Töökorraldused" />
                      <Title LCID="1069" Text="Lan-eskaerak" />
                      <Title LCID="1035" Text="Työtilaukset" />
                      <Title LCID="1036" Text="Ordres de travail" />
                      <Title LCID="1110" Text="Pedidos de traballo" />
                      <Title LCID="1037" Text="הזמנות עבודה" />
                      <Title LCID="1081" Text="कार्य ऑर्डर" />
                      <Title LCID="1050" Text="Radni nalozi" />
                      <Title LCID="1038" Text="Munkarendelések" />
                      <Title LCID="1057" Text="Perintah Kerja" />
                      <Title LCID="1040" Text="Ordini di lavoro" />
                      <Title LCID="1041" Text="作業指示書" />
                      <Title LCID="1087" Text="Жұмысқа тапсырыстар" />
                      <Title LCID="1042" Text="작업 주문" />
                      <Title LCID="1063" Text="Darbo užsakymai" />
                      <Title LCID="1062" Text="Darba pasūtījumi" />
                      <Title LCID="1086" Text="Pesanan Kerja" />
                      <Title LCID="1044" Text="Arbeidsordrer" />
                      <Title LCID="1043" Text="Werkorders" />
                      <Title LCID="1045" Text="Zlecenia pracy" />
                      <Title LCID="1046" Text="Ordens de Serviço" />
                      <Title LCID="2070" Text="Ordens de Intervenção" />
                      <Title LCID="1048" Text="Comenzi de lucru" />
                      <Title LCID="1049" Text="Заказы на работу" />
                      <Title LCID="1051" Text="Objednávky prác" />
                      <Title LCID="1060" Text="Delovni nalogi" />
                      <Title LCID="3098" Text="Радни налози" />
                      <Title LCID="2074" Text="Radni nalozi" />
                      <Title LCID="1053" Text="Arbetsorder" />
                      <Title LCID="1054" Text="ใบสั่งงาน" />
                      <Title LCID="1055" Text="İş Emirleri" />
                      <Title LCID="1058" Text="Наряди-замовлення" />
                      <Title LCID="1066" Text="Lệnh Sản xuất" />
                      <Title LCID="2052" Text="工作订单" />
                      <Title LCID="3076" Text="工單" />
                      <Title LCID="1028" Text="工單" />
                    </Titles>
                  </NavBarByRelationshipItem>
                </NavBar>
                <NavBarAreas>
                  <NavBarArea Id="Info">
                    <Titles>
                      <Title LCID="1033" Text="Common" />
                      <Title LCID="1025" Text="Common" />
                      <Title LCID="1026" Text="Common" />
                      <Title LCID="1027" Text="Common" />
                      <Title LCID="1029" Text="Common" />
                      <Title LCID="1030" Text="Common" />
                      <Title LCID="1031" Text="Common" />
                      <Title LCID="1032" Text="Common" />
                      <Title LCID="3082" Text="Common" />
                      <Title LCID="1061" Text="Common" />
                      <Title LCID="1069" Text="Common" />
                      <Title LCID="1035" Text="Common" />
                      <Title LCID="1036" Text="Common" />
                      <Title LCID="1110" Text="Common" />
                      <Title LCID="1037" Text="Common" />
                      <Title LCID="1081" Text="Common" />
                      <Title LCID="1050" Text="Common" />
                      <Title LCID="1038" Text="Common" />
                      <Title LCID="1057" Text="Common" />
                      <Title LCID="1040" Text="Common" />
                      <Title LCID="1041" Text="Common" />
                      <Title LCID="1087" Text="Common" />
                      <Title LCID="1042" Text="Common" />
                      <Title LCID="1063" Text="Common" />
                      <Title LCID="1062" Text="Common" />
                      <Title LCID="1086" Text="Common" />
                      <Title LCID="1044" Text="Common" />
                      <Title LCID="1043" Text="Common" />
                      <Title LCID="1045" Text="Common" />
                      <Title LCID="1046" Text="Common" />
                      <Title LCID="2070" Text="Common" />
                      <Title LCID="1048" Text="Common" />
                      <Title LCID="1049" Text="Common" />
                      <Title LCID="1051" Text="Common" />
                      <Title LCID="1060" Text="Common" />
                      <Title LCID="10266" Text="Common" />
                      <Title LCID="9242" Text="Common" />
                      <Title LCID="1053" Text="Common" />
                      <Title LCID="1054" Text="Common" />
                      <Title LCID="1055" Text="Common" />
                      <Title LCID="1058" Text="Common" />
                      <Title LCID="1066" Text="Common" />
                      <Title LCID="2052" Text="Common" />
                      <Title LCID="3076" Text="Common" />
                      <Title LCID="1028" Text="Common" />
                    </Titles>
                  </NavBarArea>
                  <NavBarArea Id="Sales">
                    <Titles>
                      <Title LCID="1033" Text="Sales" />
                      <Title LCID="1025" Text="Sales" />
                      <Title LCID="1026" Text="Sales" />
                      <Title LCID="1027" Text="Sales" />
                      <Title LCID="1029" Text="Sales" />
                      <Title LCID="1030" Text="Sales" />
                      <Title LCID="1031" Text="Sales" />
                      <Title LCID="1032" Text="Sales" />
                      <Title LCID="3082" Text="Sales" />
                      <Title LCID="1061" Text="Sales" />
                      <Title LCID="1069" Text="Sales" />
                      <Title LCID="1035" Text="Sales" />
                      <Title LCID="1036" Text="Sales" />
                      <Title LCID="1110" Text="Sales" />
                      <Title LCID="1037" Text="Sales" />
                      <Title LCID="1081" Text="Sales" />
                      <Title LCID="1050" Text="Sales" />
                      <Title LCID="1038" Text="Sales" />
                      <Title LCID="1057" Text="Sales" />
                      <Title LCID="1040" Text="Sales" />
                      <Title LCID="1041" Text="Sales" />
                      <Title LCID="1087" Text="Sales" />
                      <Title LCID="1042" Text="Sales" />
                      <Title LCID="1063" Text="Sales" />
                      <Title LCID="1062" Text="Sales" />
                      <Title LCID="1086" Text="Sales" />
                      <Title LCID="1044" Text="Sales" />
                      <Title LCID="1043" Text="Sales" />
                      <Title LCID="1045" Text="Sales" />
                      <Title LCID="1046" Text="Sales" />
                      <Title LCID="2070" Text="Sales" />
                      <Title LCID="1048" Text="Sales" />
                      <Title LCID="1049" Text="Sales" />
                      <Title LCID="1051" Text="Sales" />
                      <Title LCID="1060" Text="Sales" />
                      <Title LCID="10266" Text="Sales" />
                      <Title LCID="9242" Text="Sales" />
                      <Title LCID="1053" Text="Sales" />
                      <Title LCID="1054" Text="Sales" />
                      <Title LCID="1055" Text="Sales" />
                      <Title LCID="1058" Text="Sales" />
                      <Title LCID="1066" Text="Sales" />
                      <Title LCID="2052" Text="Sales" />
                      <Title LCID="3076" Text="Sales" />
                      <Title LCID="1028" Text="Sales" />
                    </Titles>
                  </NavBarArea>
                  <NavBarArea Id="Service">
                    <Titles>
                      <Title LCID="1033" Text="Field Service" />
                      <Title LCID="1025" Text="Field Service" />
                      <Title LCID="1026" Text="Field Service" />
                      <Title LCID="1027" Text="Field Service" />
                      <Title LCID="1029" Text="Field Service" />
                      <Title LCID="1030" Text="Field Service" />
                      <Title LCID="1031" Text="Field Service" />
                      <Title LCID="1032" Text="Field Service" />
                      <Title LCID="3082" Text="Field Service" />
                      <Title LCID="1061" Text="Field Service" />
                      <Title LCID="1069" Text="Field Service" />
                      <Title LCID="1035" Text="Field Service" />
                      <Title LCID="1036" Text="Field Service" />
                      <Title LCID="1110" Text="Field Service" />
                      <Title LCID="1037" Text="Field Service" />
                      <Title LCID="1081" Text="Field Service" />
                      <Title LCID="1050" Text="Field Service" />
                      <Title LCID="1038" Text="Field Service" />
                      <Title LCID="1057" Text="Field Service" />
                      <Title LCID="1040" Text="Field Service" />
                      <Title LCID="1041" Text="Field Service" />
                      <Title LCID="1087" Text="Field Service" />
                      <Title LCID="1042" Text="Field Service" />
                      <Title LCID="1063" Text="„Field Service“" />
                      <Title LCID="1062" Text="Field Service" />
                      <Title LCID="1086" Text="Field Service" />
                      <Title LCID="1044" Text="Field Service" />
                      <Title LCID="1043" Text="Field Service" />
                      <Title LCID="1045" Text="Field Service" />
                      <Title LCID="1046" Text="Field Service" />
                      <Title LCID="2070" Text="Field Service" />
                      <Title LCID="1048" Text="Field Service" />
                      <Title LCID="1049" Text="Field Service" />
                      <Title LCID="1051" Text="Field Service" />
                      <Title LCID="1060" Text="Field Service" />
                      <Title LCID="10266" Text="Service" />
                      <Title LCID="9242" Text="Service" />
                      <Title LCID="1053" Text="Field Service" />
                      <Title LCID="1054" Text="Field Service" />
                      <Title LCID="1055" Text="Field Service" />
                      <Title LCID="1058" Text="Field Service" />
                      <Title LCID="1066" Text="Field Service" />
                      <Title LCID="2052" Text="Field Service" />
                      <Title LCID="3076" Text="Field Service" />
                      <Title LCID="1028" Text="Field Service" />
                    </Titles>
                  </NavBarArea>
                  <NavBarArea Id="Marketing">
                    <Titles>
                      <Title LCID="1033" Text="Marketing" />
                      <Title LCID="1025" Text="Marketing" />
                      <Title LCID="1026" Text="Marketing" />
                      <Title LCID="1027" Text="Marketing" />
                      <Title LCID="1029" Text="Marketing" />
                      <Title LCID="1030" Text="Marketing" />
                      <Title LCID="1031" Text="Marketing" />
                      <Title LCID="1032" Text="Marketing" />
                      <Title LCID="3082" Text="Marketing" />
                      <Title LCID="1061" Text="Marketing" />
                      <Title LCID="1069" Text="Marketing" />
                      <Title LCID="1035" Text="Marketing" />
                      <Title LCID="1036" Text="Marketing" />
                      <Title LCID="1110" Text="Marketing" />
                      <Title LCID="1037" Text="Marketing" />
                      <Title LCID="1081" Text="Marketing" />
                      <Title LCID="1050" Text="Marketing" />
                      <Title LCID="1038" Text="Marketing" />
                      <Title LCID="1057" Text="Marketing" />
                      <Title LCID="1040" Text="Marketing" />
                      <Title LCID="1041" Text="Marketing" />
                      <Title LCID="1087" Text="Marketing" />
                      <Title LCID="1042" Text="Marketing" />
                      <Title LCID="1063" Text="Marketing" />
                      <Title LCID="1062" Text="Marketing" />
                      <Title LCID="1086" Text="Marketing" />
                      <Title LCID="1044" Text="Marketing" />
                      <Title LCID="1043" Text="Marketing" />
                      <Title LCID="1045" Text="Marketing" />
                      <Title LCID="1046" Text="Marketing" />
                      <Title LCID="2070" Text="Marketing" />
                      <Title LCID="1048" Text="Marketing" />
                      <Title LCID="1049" Text="Marketing" />
                      <Title LCID="1051" Text="Marketing" />
                      <Title LCID="1060" Text="Marketing" />
                      <Title LCID="10266" Text="Marketing" />
                      <Title LCID="9242" Text="Marketing" />
                      <Title LCID="1053" Text="Marketing" />
                      <Title LCID="1054" Text="Marketing" />
                      <Title LCID="1055" Text="Marketing" />
                      <Title LCID="1058" Text="Marketing" />
                      <Title LCID="1066" Text="Marketing" />
                      <Title LCID="2052" Text="Marketing" />
                      <Title LCID="3076" Text="Marketing" />
                      <Title LCID="1028" Text="Marketing" />
                    </Titles>
                  </NavBarArea>
                  <NavBarArea Id="ProcessCenter">
                    <Titles>
                      <Title LCID="1033" Text="Processes" />
                      <Title LCID="1025" Text="Processes" />
                      <Title LCID="1026" Text="Processes" />
                      <Title LCID="1027" Text="Processes" />
                      <Title LCID="1029" Text="Processes" />
                      <Title LCID="1030" Text="Processes" />
                      <Title LCID="1031" Text="Processes" />
                      <Title LCID="1032" Text="Processes" />
                      <Title LCID="3082" Text="Processes" />
                      <Title LCID="1061" Text="Processes" />
                      <Title LCID="1069" Text="Processes" />
                      <Title LCID="1035" Text="Processes" />
                      <Title LCID="1036" Text="Processes" />
                      <Title LCID="1110" Text="Processes" />
                      <Title LCID="1037" Text="Processes" />
                      <Title LCID="1081" Text="Processes" />
                      <Title LCID="1050" Text="Processes" />
                      <Title LCID="1038" Text="Processes" />
                      <Title LCID="1057" Text="Processes" />
                      <Title LCID="1040" Text="Processes" />
                      <Title LCID="1041" Text="Processes" />
                      <Title LCID="1087" Text="Processes" />
                      <Title LCID="1042" Text="Processes" />
                      <Title LCID="1063" Text="Processes" />
                      <Title LCID="1062" Text="Processes" />
                      <Title LCID="1086" Text="Processes" />
                      <Title LCID="1044" Text="Processes" />
                      <Title LCID="1043" Text="Processes" />
                      <Title LCID="1045" Text="Processes" />
                      <Title LCID="1046" Text="Processes" />
                      <Title LCID="2070" Text="Processes" />
                      <Title LCID="1048" Text="Processes" />
                      <Title LCID="1049" Text="Processes" />
                      <Title LCID="1051" Text="Processes" />
                      <Title LCID="1060" Text="Processes" />
                      <Title LCID="10266" Text="Processes" />
                      <Title LCID="9242" Text="Processes" />
                      <Title LCID="1053" Text="Processes" />
                      <Title LCID="1054" Text="Processes" />
                      <Title LCID="1055" Text="Processes" />
                      <Title LCID="1058" Text="Processes" />
                      <Title LCID="1066" Text="Processes" />
                      <Title LCID="2052" Text="Processes" />
                      <Title LCID="3076" Text="Processes" />
                      <Title LCID="1028" Text="Processes" />
                    </Titles>
                  </NavBarArea>
                </NavBarAreas>
              </Navigation>
              <controlDescriptions>
                <controlDescription forControl="{3ff9a528-dd50-4aca-8f10-2e5ed73513ad}" solutionaction="Modified">
                  <customControl formFactor="2" name="MscrmControls.CardFeedContainer.CardFeedContainer">
                    <parameters>
                      <data-set name="SubGrid">
                        <ViewId>{92AFD454-0F2E-4397-A1C8-05E37C6AD699}</ViewId>
                        <IsUserView>false</IsUserView>
                        <TargetEntityType>actioncard</TargetEntityType>
                        <FilteredViewIds>{92AFD454-0F2E-4397-A1C8-05E37C6AfD699}</FilteredViewIds>
                        <EnableViewPicker>false</EnableViewPicker>
                      </data-set>
                      <EntityTypeCode type="Decimal" static="true">3</EntityTypeCode>
                      <Location type="Decimal" static="true">1</Location>
                      <msinternal.isvisibleinmocaonly static="true">true</msinternal.isvisibleinmocaonly>
                    </parameters>
                  </customControl>
                  <customControl formFactor="0" name="MscrmControls.CardFeedContainer.CardFeedContainer">
                    <parameters>
                      <data-set name="SubGrid">
                        <ViewId>{92AFD454-0F2E-4397-A1C8-05E37C6AD699}</ViewId>
                        <IsUserView>false</IsUserView>
                        <TargetEntityType>actioncard</TargetEntityType>
                        <FilteredViewIds>{92AFD454-0F2E-4397-A1C8-05E37C6AfD699}</FilteredViewIds>
                        <EnableViewPicker>false</EnableViewPicker>
                      </data-set>
                      <EntityTypeCode type="Decimal" static="true">3</EntityTypeCode>
                      <Location type="Decimal" static="true">1</Location>
                      <msinternal.isvisibleinmocaonly static="true">true</msinternal.isvisibleinmocaonly>
                    </parameters>
                  </customControl>
                  <customControl formFactor="1" name="MscrmControls.CardFeedContainer.CardFeedContainer">
                    <parameters>
                      <data-set name="SubGrid">
                        <ViewId>{92AFD454-0F2E-4397-A1C8-05E37C6AD699}</ViewId>
                        <IsUserView>false</IsUserView>
                        <TargetEntityType>actioncard</TargetEntityType>
                        <FilteredViewIds>{92AFD454-0F2E-4397-A1C8-05E37C6AfD699}</FilteredViewIds>
                        <EnableViewPicker>false</EnableViewPicker>
                      </data-set>
                      <EntityTypeCode type="Decimal" static="true">3</EntityTypeCode>
                      <Location type="Decimal" static="true">1</Location>
                      <msinternal.isvisibleinmocaonly static="true">true</msinternal.isvisibleinmocaonly>
                    </parameters>
                  </customControl>
                </controlDescription>
                <controlDescription forControl="{393b71b2-4997-7135-242b-b0ac80dd1194}" solutionaction="Modified">
                  <customControl id="{E7A81278-8635-4d9e-8D4D-59480B391C5B}" formFactor="0">
                    <parameters>
                      <TargetEntityType>opportunityproduct</TargetEntityType>
                      <ViewId>{01010DE7-749E-4FE6-8037-ACA560A4FCBE}</ViewId>
                      <RelationshipName>product_opportunities</RelationshipName>
                      <AutoExpand>Auto</AutoExpand>
                      <EnableQuickFind>false</EnableQuickFind>
                      <EnableViewPicker>false</EnableViewPicker>
                      <EnableJumpBar>false</EnableJumpBar>
                      <RecordsPerPage>25</RecordsPerPage>
                      <MaxRowsBeforeScroll>8</MaxRowsBeforeScroll>
                      <HeaderColorCode>#F3F3F3</HeaderColorCode>
                      <IsUserView>false</IsUserView>
                      <ViewIds>{01010DE7-749E-4FE6-8037-ACA560A4FCBE}</ViewIds>
                      <ChartGridMode>All</ChartGridMode>
                      <VisualizationId />
                      <IsUserChart>false</IsUserChart>
                      <EnableChartPicker>true</EnableChartPicker>
                    </parameters>
                  </customControl>
                  <customControl id="{E7A81278-8635-4d9e-8D4D-59480B391C5B}" formFactor="1">
                    <parameters>
                      <TargetEntityType>opportunityproduct</TargetEntityType>
                      <ViewId>{01010DE7-749E-4FE6-8037-ACA560A4FCBE}</ViewId>
                      <RelationshipName>product_opportunities</RelationshipName>
                      <AutoExpand>Auto</AutoExpand>
                      <EnableQuickFind>false</EnableQuickFind>
                      <EnableViewPicker>false</EnableViewPicker>
                      <EnableJumpBar>false</EnableJumpBar>
                      <RecordsPerPage>25</RecordsPerPage>
                      <MaxRowsBeforeScroll>8</MaxRowsBeforeScroll>
                      <HeaderColorCode>#F3F3F3</HeaderColorCode>
                      <IsUserView>false</IsUserView>
                      <ViewIds>{01010DE7-749E-4FE6-8037-ACA560A4FCBE}</ViewIds>
                      <ChartGridMode>All</ChartGridMode>
                      <VisualizationId />
                      <IsUserChart>false</IsUserChart>
                      <EnableChartPicker>true</EnableChartPicker>
                    </parameters>
                  </customControl>
                  <customControl id="{E7A81278-8635-4d9e-8D4D-59480B391C5B}" formFactor="2">
                    <parameters>
                      <TargetEntityType>opportunityproduct</TargetEntityType>
                      <ViewId>{01010DE7-749E-4FE6-8037-ACA560A4FCBE}</ViewId>
                      <RelationshipName>product_opportunities</RelationshipName>
                      <AutoExpand>Auto</AutoExpand>
                      <EnableQuickFind>false</EnableQuickFind>
                      <EnableViewPicker>false</EnableViewPicker>
                      <EnableJumpBar>false</EnableJumpBar>
                      <RecordsPerPage>25</RecordsPerPage>
                      <MaxRowsBeforeScroll>8</MaxRowsBeforeScroll>
                      <HeaderColorCode>#F3F3F3</HeaderColorCode>
                      <IsUserView>false</IsUserView>
                      <ViewIds>{01010DE7-749E-4FE6-8037-ACA560A4FCBE}</ViewIds>
                      <ChartGridMode>All</ChartGridMode>
                      <VisualizationId />
                      <IsUserChart>false</IsUserChart>
                      <EnableChartPicker>true</EnableChartPicker>
                    </parameters>
                  </customControl>
                  <customControl formFactor="-1" name="MscrmControls.Grid.GridControl">
                    <parameters>
                      <data-set name="Grid">
                        <ViewId>{01010DE7-749E-4FE6-8037-ACA560A4FCBE}</ViewId>
                        <columnsDefaultView />
                        <IsUserView>false</IsUserView>
                        <RelationshipName>product_opportunities</RelationshipName>
                        <TargetEntityType>opportunityproduct</TargetEntityType>
                        <EnableViewPicker>false</EnableViewPicker>
                        <FilteredViewIds>{01010DE7-749E-4FE6-8037-ACA560A4FCBE}</FilteredViewIds>
                      </data-set>
                      <data-set name="SubGrid">
                        <ViewId>{E175DFBF-8EAE-4AF2-9DD2-68C43C14D40F}</ViewId>
                        <IsUserView>false</IsUserView>
                        <TargetEntityType>opportunityproduct</TargetEntityType>
                        <SubGridParentId>parentbundleidref</SubGridParentId>
                      </data-set>
                      <EnableGroupBy type="Enum" static="true">yes</EnableGroupBy>
                      <EnableEditing type="Enum" static="true">yes</EnableEditing>
                      <ReflowBehavior type="Enum" static="true">GridOnly</ReflowBehavior>
                      <EnableFiltering type="Enum" static="true">yes</EnableFiltering>
                      <HideNestedGridColumnHeader type="Enum" static="true">yes</HideNestedGridColumnHeader>
                    </parameters>
                  </customControl>
                </controlDescription>
              </controlDescriptions>
            </form>
            <LocalizedNames>
              <LocalizedName description="Opportunity" languagecode="1033" />
            </LocalizedNames>
            <Descriptions>
              <Description description="Updated default Opportunity form" languagecode="1033" />
            </Descriptions>
          </systemform>
        </forms>
      </FormXml>
      <RibbonDiffXml>
        <CustomActions />
        <Templates>
          <RibbonTemplates Id="Mscrm.Templates"></RibbonTemplates>
        </Templates>
        <CommandDefinitions />
        <RuleDefinitions>
          <TabDisplayRules />
          <DisplayRules />
          <EnableRules />
        </RuleDefinitions>
        <LocLabels />
      </RibbonDiffXml>
    </Entity>
  </Entities>
  <Roles></Roles>
  <Workflows></Workflows>
  <FieldSecurityProfiles></FieldSecurityProfiles>
  <Templates />
  <ConnectionRoles>
    <ConnectionRoles>
      <ConnectionRole>
        <connectionroleid>{dff005e5-a5a7-e811-a96a-000d3ac009b4}</connectionroleid>
        <name>Relationship Manager</name>
        <category>741530000</category>
        <IsCustomizable>1</IsCustomizable>
        <IntroducedVersion>1.0.0.0</IntroducedVersion>
        <ConnectionRoleObjectTypeCodes>
          <ConnectionRoleObjectTypeCode>
            <connectionroleobjecttypecodeid>{e3f005e5-a5a7-e811-a96a-000d3ac009b4}</connectionroleobjecttypecodeid>
            <associatedobjecttypecode>systemuser</associatedobjecttypecode>
          </ConnectionRoleObjectTypeCode>
        </ConnectionRoleObjectTypeCodes>
      </ConnectionRole>
      <ConnectionRole>
        <connectionroleid>{c28836f4-a5a7-e811-a96a-000d3ac009b4}</connectionroleid>
        <name>Loan Officer</name>
        <category>741530000</category>
        <IsCustomizable>1</IsCustomizable>
        <IntroducedVersion>1.0.0.0</IntroducedVersion>
        <ConnectionRoleObjectTypeCodes>
          <ConnectionRoleObjectTypeCode>
            <connectionroleobjecttypecodeid>{c68836f4-a5a7-e811-a96a-000d3ac009b4}</connectionroleobjecttypecodeid>
            <associatedobjecttypecode>systemuser</associatedobjecttypecode>
          </ConnectionRoleObjectTypeCode>
        </ConnectionRoleObjectTypeCodes>
      </ConnectionRole>
      <ConnectionRole>
        <connectionroleid>{b6989ebc-a6a7-e811-a96a-000d3ac009b4}</connectionroleid>
        <name>Credit Analyst</name>
        <category>741530000</category>
        <IsCustomizable>1</IsCustomizable>
        <IntroducedVersion>1.0.0.0</IntroducedVersion>
        <ConnectionRoleObjectTypeCodes>
          <ConnectionRoleObjectTypeCode>
            <connectionroleobjecttypecodeid>{ba989ebc-a6a7-e811-a96a-000d3ac009b4}</connectionroleobjecttypecodeid>
            <associatedobjecttypecode>systemuser</associatedobjecttypecode>
          </ConnectionRoleObjectTypeCode>
        </ConnectionRoleObjectTypeCodes>
      </ConnectionRole>
      <ConnectionRole>
        <connectionroleid>{37e733d0-a6a7-e811-a96a-000d3ac009b4}</connectionroleid>
        <name>Senior Risk Officer</name>
        <category>741530000</category>
        <IsCustomizable>1</IsCustomizable>
        <IntroducedVersion>1.0.0.0</IntroducedVersion>
        <ConnectionRoleObjectTypeCodes>
          <ConnectionRoleObjectTypeCode>
            <connectionroleobjecttypecodeid>{3be733d0-a6a7-e811-a96a-000d3ac009b4}</connectionroleobjecttypecodeid>
            <associatedobjecttypecode>systemuser</associatedobjecttypecode>
          </ConnectionRoleObjectTypeCode>
        </ConnectionRoleObjectTypeCodes>
      </ConnectionRole>
      <ConnectionRole>
        <connectionroleid>{44b652de-a6a7-e811-a96a-000d3ac009b4}</connectionroleid>
        <name>Legal Counsel</name>
        <category>741530000</category>
        <IsCustomizable>1</IsCustomizable>
        <IntroducedVersion>1.0.0.0</IntroducedVersion>
        <ConnectionRoleObjectTypeCodes>
          <ConnectionRoleObjectTypeCode>
            <connectionroleobjecttypecodeid>{48b652de-a6a7-e811-a96a-000d3ac009b4}</connectionroleobjecttypecodeid>
            <associatedobjecttypecode>systemuser</associatedobjecttypecode>
          </ConnectionRoleObjectTypeCode>
        </ConnectionRoleObjectTypeCodes>
      </ConnectionRole>
    </ConnectionRoles>
  </ConnectionRoles>
  <EntityMaps />
  <EntityRelationships />
  <OrganizationSettings />
  <optionsets>
    <optionset Name="connectionrole_category" localizedName="Category" description="Categories for connection roles.">
      <OptionSetType>picklist</OptionSetType>
      <IsGlobal>1</IsGlobal>
      <IntroducedVersion>5.0.0.0</IntroducedVersion>
      <ExternalTypeName></ExternalTypeName>
      <displaynames>
        <displayname description="Category" languagecode="1033" />
      </displaynames>
      <Descriptions>
        <Description description="Categories for connection roles." languagecode="1033" />
      </Descriptions>
      <options>
        <option value="741530000" ExternalValue="" Color="#0000ff">
          <labels>
            <label description="Proposal Manager" languagecode="1033" />
          </labels>
          <Descriptions>
            <Description description="" languagecode="1033" />
          </Descriptions>
        </option>
        <option value="1" ExternalValue="" Color="">
          <labels>
            <label description="Business" languagecode="1033" />
          </labels>
          <Descriptions>
            <Description description="" languagecode="1033" />
          </Descriptions>
        </option>
        <option value="2" ExternalValue="" Color="">
          <labels>
            <label description="Family" languagecode="1033" />
          </labels>
          <Descriptions>
            <Description description="" languagecode="1033" />
          </Descriptions>
        </option>
        <option value="3" ExternalValue="" Color="">
          <labels>
            <label description="Social" languagecode="1033" />
          </labels>
          <Descriptions>
            <Description description="" languagecode="1033" />
          </Descriptions>
        </option>
        <option value="4" ExternalValue="" Color="">
          <labels>
            <label description="Sales" languagecode="1033" />
          </labels>
          <Descriptions>
            <Description description="" languagecode="1033" />
          </Descriptions>
        </option>
        <option value="5" ExternalValue="" Color="">
          <labels>
            <label description="Other" languagecode="1033" />
          </labels>
          <Descriptions>
            <Description description="" languagecode="1033" />
          </Descriptions>
        </option>
        <option value="1000" ExternalValue="" Color="">
          <labels>
            <label description="Stakeholder" languagecode="1033" />
          </labels>
          <Descriptions>
            <Description description="" languagecode="1033" />
          </Descriptions>
        </option>
        <option value="1001" ExternalValue="" Color="">
          <labels>
            <label description="Sales Team" languagecode="1033" />
          </labels>
          <Descriptions>
            <Description description="" languagecode="1033" />
          </Descriptions>
        </option>
        <option value="1002" ExternalValue="" Color="">
          <labels>
            <label description="Service" languagecode="1033" />
          </labels>
          <Descriptions>
            <Description description="" languagecode="1033" />
          </Descriptions>
        </option>
      </options>
    </optionset>
  </optionsets>
  <CustomControls />
  <EntityDataProviders />
  <Languages>
    <Language>1033</Language>
  </Languages>
</ImportExportXml>